{"cameraMode":{"drawMode":0,"name":"Shaded","section":"Shading Mode"},"sceneLighting":true,"audioPlay":false,"sceneViewState":{"showFog":true,"showMaterialUpdate":false,"showSkybox":true,"showFlares":true,"showImageEffects":true,"showParticleSystems":true},"in2DMode":false,"pivot":{"x":10.45111083984375,"y":-0.40799999237060549,"z":-0.465999960899353},"rotation":{"x":-0.04526389762759209,"y":-0.012583761475980282,"z":-0.000569063238799572,"w":0.9988972544670105},"size":0.4330126941204071,"orthographic":false}