{"cameraMode":{"drawMode":0,"name":"Shaded","section":"Shading Mode"},"sceneLighting":false,"audioPlay":false,"sceneViewState":{"showFog":true,"showMaterialUpdate":false,"showSkybox":true,"showFlares":true,"showImageEffects":true,"showParticleSystems":true},"in2DMode":false,"pivot":{"x":19.65859031677246,"y":5.351354122161865,"z":-3.3689823150634767},"rotation":{"x":0.12833109498023988,"y":-0.00833332259207964,"z":-0.0010779649019241334,"w":-0.9916975498199463},"size":6.732417583465576,"orthographic":false}