{"cameraMode":{"drawMode":0,"name":"Shaded","section":"Shading Mode"},"sceneLighting":false,"audioPlay":false,"sceneViewState":{"showFog":true,"showMaterialUpdate":false,"showSkybox":true,"showFlares":true,"showImageEffects":true,"showParticleSystems":true},"in2DMode":false,"pivot":{"x":5.268303394317627,"y":0.09662055969238281,"z":1.032139778137207},"rotation":{"x":0.03384523093700409,"y":0.897214412689209,"z":0.4347222149372101,"w":-0.06985316425561905},"size":5.463501453399658,"orthographic":false}