{"cameraMode":{"drawMode":0,"name":"Shaded","section":"Shading Mode"},"sceneLighting":false,"audioPlay":false,"sceneViewState":{"showFog":true,"showMaterialUpdate":false,"showSkybox":true,"showFlares":true,"showImageEffects":true,"showParticleSystems":true},"in2DMode":false,"pivot":{"x":1.1549999713897706,"y":-0.4400000274181366,"z":-0.5969057083129883},"rotation":{"x":0.05536290630698204,"y":0.7605493068695068,"z":-0.06542298197746277,"w":0.6435992121696472},"size":0.5842726826667786,"orthographic":false}