{"cameraMode":{"drawMode":0,"name":"Shaded","section":"Shading Mode"},"sceneLighting":false,"audioPlay":false,"sceneViewState":{"showFog":true,"showMaterialUpdate":false,"showSkybox":true,"showFlares":true,"showImageEffects":true,"showParticleSystems":true},"in2DMode":false,"pivot":{"x":16.321077346801759,"y":-1.0285354852676392,"z":0.24393534660339356},"rotation":{"x":-0.0025232117623090746,"y":0.9974768757820129,"z":-0.04972510784864426,"w":-0.050614453852176669},"size":1.6677727699279786,"orthographic":false}