{"cameraMode":{"drawMode":0,"name":"Shaded","section":"Shading Mode"},"sceneLighting":false,"audioPlay":false,"sceneViewState":{"showFog":true,"showMaterialUpdate":false,"showSkybox":true,"showFlares":true,"showImageEffects":true,"showParticleSystems":true},"in2DMode":false,"pivot":{"x":23.031391143798829,"y":2.6189403533935549,"z":1.482818603515625},"rotation":{"x":0.03384523093700409,"y":0.897214412689209,"z":0.4347222149372101,"w":-0.06985316425561905},"size":7.234149932861328,"orthographic":false}